block_index,bytes,cheap_payload_bits,distinct_transition_count,hybrid_model_evaluations,hybrid_payload_bits,hybrid_saving_bits,longest_run,max_hist_count,neural_model_evaluations,neural_payload_bits,probe_code_bits_ceil,probe_code_bits_floor,start,stream,surprise_early_minus_late,surprise_max_ceil,surprise_range_ceil,surprise_sum_ceil,surprise_variance_proxy,transition_count,unique_count,very_surprising_count
0,512,2596,14,511,2051,545,3,3,511,1981,126,125,0,p12-mix-a,-9,9,7,135,735,13,11,13
1,512,3091,13,511,2857,234,4,5,511,2803,117,116,512,p12-mix-a,12,9,7,128,1344,12,11,12
2,512,3244,15,511,3209,35,1,1,511,3209,129,128,1024,p12-mix-a,-1,9,1,143,15,15,16,15
3,512,1874,14,511,1786,88,1,2,511,1771,125,124,1536,p12-mix-a,3,9,1,139,55,15,12,11
4,512,1722,15,400,1553,169,1,2,400,1539,128,127,2048,p12-mix-a,0,9,1,142,28,15,15,14
5,512,1587,10,316,1282,305,2,4,316,1206,110,109,2560,p12-mix-a,20,9,6,120,1216,13,7,9
6,512,1752,13,511,1609,143,1,4,511,1550,122,121,3072,p12-mix-a,5,9,3,135,191,15,11,10
7,512,1825,14,511,1664,161,1,3,511,1632,126,125,3584,p12-mix-a,3,9,2,139,87,15,13,12
0,512,2162,15,511,2007,155,2,2,511,1990,131,130,0,p12-mix-b,-1,9,1,141,39,14,13,13
1,512,1822,14,511,1810,12,1,2,511,1783,126,125,512,p12-mix-b,0,9,1,140,48,15,13,12
2,512,1412,10,511,1404,8,3,6,511,1409,102,101,1024,p12-mix-b,3,9,7,111,2031,9,4,9
3,512,2603,12,511,2152,451,2,5,511,2150,109,108,1536,p12-mix-b,12,9,3,120,256,13,4,3
4,512,2299,15,511,1787,512,1,3,511,1739,123,122,2048,p12-mix-b,2,9,2,136,96,15,10,9
5,512,3897,15,511,3838,59,1,3,511,3780,124,123,2560,p12-mix-b,5,9,2,137,95,15,11,10
6,512,4156,15,511,4159,-3,1,2,511,4160,128,127,3072,p12-mix-b,0,9,1,142,28,15,15,14
7,512,4163,15,511,4161,2,1,1,511,4174,129,128,3584,p12-mix-b,-1,9,1,143,15,15,16,15
0,512,2059,15,289,1767,292,1,3,289,1703,124,123,0,p12-mix-c,3,9,2,137,95,15,11,10
1,512,2437,15,511,1863,574,1,2,511,1803,125,124,512,p12-mix-c,1,9,1,139,55,15,12,11
2,512,2587,10,511,2142,445,5,7,511,2095,107,106,1024,p12-mix-c,20,9,6,118,892,11,7,6
3,512,3479,7,511,3448,31,8,10,511,3414,83,82,1536,p12-mix-c,-27,10,9,91,3479,7,6,7
4,512,2771,15,500,2648,123,1,1,500,2648,129,128,2048,p12-mix-c,-1,9,1,143,15,15,16,15
5,512,1949,15,456,1827,122,1,3,456,1784,125,124,2560,p12-mix-c,4,9,2,138,92,15,12,11
6,512,2680,15,499,2280,400,1,2,499,2275,125,124,3072,p12-mix-c,3,9,1,139,55,15,12,11
7,512,2612,14,492,2389,223,1,2,492,2351,126,125,3584,p12-mix-c,2,9,1,140,48,15,13,12
0,512,1750,15,511,1618,132,1,2,511,1573,125,124,0,p12-mix-d,3,9,1,139,55,15,12,11
1,512,2019,13,511,1843,176,3,3,511,1799,125,124,512,p12-mix-d,-9,9,7,135,735,13,11,13
2,512,1498,15,511,1448,50,1,2,511,1437,128,127,1024,p12-mix-d,-2,9,1,142,28,15,15,14
3,512,981,14,205,872,109,1,2,205,858,125,124,1536,p12-mix-d,3,9,1,139,55,15,12,11
4,512,4011,15,511,4006,5,1,2,511,4009,128,127,2048,p12-mix-d,-2,9,1,142,28,15,15,14
5,512,2974,15,509,2736,238,1,1,509,2741,129,128,2560,p12-mix-d,-1,9,1,143,15,15,16,15
6,512,1977,7,509,1481,496,10,10,509,1451,74,73,3072,p12-mix-d,-33,10,9,81,3791,6,6,6
7,512,1981,15,511,1664,317,1,2,511,1624,127,126,3584,p12-mix-d,-1,9,1,141,39,15,14,13
0,512,4171,15,511,4162,9,1,1,511,4175,129,128,0,p12-mix-e,-1,9,1,143,15,15,16,15
1,512,2237,13,511,1805,432,4,5,511,1751,117,116,512,p12-mix-e,12,9,7,128,1344,12,11,12
2,512,2587,10,511,2142,445,5,7,511,2095,107,106,1024,p12-mix-e,20,9,6,118,892,11,7,6
3,512,1824,7,511,1694,130,8,10,511,1661,83,82,1536,p12-mix-e,-27,10,9,91,3479,7,6,7
4,512,2075,10,500,1986,89,2,6,500,1981,105,104,2048,p12-mix-e,19,9,6,115,743,13,4,4
5,512,1949,15,456,1827,122,1,3,456,1784,125,124,2560,p12-mix-e,4,9,2,138,92,15,12,11
6,512,2680,15,499,2280,400,1,2,499,2275,125,124,3072,p12-mix-e,3,9,1,139,55,15,12,11
7,512,2612,14,492,2389,223,1,2,492,2351,126,125,3584,p12-mix-e,2,9,1,140,48,15,13,12
0,512,2546,14,502,1939,607,3,3,502,1869,126,125,0,p12-mix-f,-9,9,7,135,735,13,11,13
1,512,326,10,41,320,6,2,4,41,240,113,112,512,p12-mix-f,17,9,6,123,1207,13,7,10
2,512,1766,10,508,1699,67,2,4,508,1633,106,105,1024,p12-mix-f,19,9,6,119,1151,14,7,7
3,512,4187,15,511,4179,8,1,1,511,4179,129,128,1536,p12-mix-f,-1,9,1,143,15,15,16,15
4,512,2920,15,511,2819,101,2,2,511,2818,129,128,2048,p12-mix-f,0,9,1,142,28,14,15,14
5,512,1780,15,511,1638,142,1,2,511,1576,126,125,2560,p12-mix-f,2,9,1,140,48,15,13,12
6,512,1752,13,511,1609,143,1,4,511,1550,122,121,3072,p12-mix-f,5,9,3,135,191,15,11,10
7,512,1825,14,511,1664,161,1,3,511,1632,126,125,3584,p12-mix-f,3,9,2,139,87,15,13,12
0,512,2704,15,511,2399,305,2,2,511,2365,131,130,0,p13-mix-a,-1,9,1,141,39,13,13,13
1,512,3304,15,511,3219,85,1,4,511,3181,123,122,512,p13-mix-a,2,9,2,136,128,15,11,10
2,512,3396,15,511,3370,26,1,2,511,3370,128,127,1024,p13-mix-a,0,9,1,142,28,15,15,14
3,512,1945,15,511,1880,65,2,2,511,1847,128,127,1536,p13-mix-a,1,9,1,141,39,14,14,13
4,512,2099,13,428,1880,219,4,4,428,1807,115,114,2048,p13-mix-a,14,9,7,128,1344,12,13,12
5,512,1516,15,280,1424,92,1,3,280,1404,122,121,2560,p13-mix-a,5,9,2,135,127,15,10,9
6,512,1771,14,511,1621,150,1,3,511,1562,125,124,3072,p13-mix-a,2,9,2,138,92,15,12,11
7,512,1830,14,511,1665,165,2,3,511,1629,125,124,3584,p13-mix-a,-1,9,2,137,127,14,11,11
0,512,2487,15,511,2079,408,2,2,511,2055,131,130,0,p13-mix-b,-1,9,1,141,39,14,12,13
1,512,2325,13,511,2140,185,2,4,511,2117,127,126,512,p13-mix-b,-8,9,6,136,544,13,10,13
2,512,1402,11,511,1406,-4,3,6,511,1393,113,112,1024,p13-mix-b,6,9,6,122,828,11,4,8
3,512,2538,12,511,2163,375,2,6,511,2156,109,108,1536,p13-mix-b,13,9,4,119,351,13,4,3
4,512,2392,15,511,2099,293,1,3,511,2049,124,123,2048,p13-mix-b,3,9,2,137,127,15,12,11
5,512,3912,15,511,3876,36,2,3,511,3821,123,122,2560,p13-mix-b,2,9,2,136,96,14,10,9
6,512,4179,15,511,4174,5,1,1,511,4174,129,128,3072,p13-mix-b,-1,9,1,143,15,15,16,15
7,512,4166,15,511,4166,0,1,1,511,4168,129,128,3584,p13-mix-b,-1,9,1,143,15,15,16,15
0,512,2059,15,289,1767,292,1,3,289,1703,124,123,0,p13-mix-c,3,9,2,137,95,15,11,10
1,512,2554,15,511,2142,412,1,2,511,2081,125,124,512,p13-mix-c,1,9,1,139,55,15,12,11
2,512,2450,15,511,2104,346,2,2,511,2088,127,126,1024,p13-mix-c,4,9,6,136,544,13,14,13
3,512,3633,15,511,3573,60,2,3,511,3544,127,126,1536,p13-mix-c,2,9,1,140,48,14,12,12
4,512,3107,15,511,2813,294,1,2,511,2813,128,127,2048,p13-mix-c,0,9,1,142,28,15,15,14
5,512,2137,15,495,1954,183,1,2,495,1915,128,127,2560,p13-mix-c,0,9,1,142,28,15,15,14
6,512,2330,15,511,2112,218,1,2,511,2079,128,127,3072,p13-mix-c,0,9,1,142,28,15,15,14
7,512,2458,13,511,2182,276,1,2,511,2157,123,122,3584,p13-mix-c,6,9,3,136,160,15,11,10
0,512,1738,15,511,1605,133,1,2,511,1560,125,124,0,p13-mix-d,3,9,1,139,55,15,12,11
1,512,2347,13,511,2100,247,3,3,511,2056,125,124,512,p13-mix-d,-9,9,7,135,735,13,11,13
2,512,2144,15,511,2019,125,1,2,511,2010,125,124,1024,p13-mix-d,1,9,1,139,55,15,12,11
3,512,1264,15,219,1266,-2,2,2,219,1232,128,127,1536,p13-mix-d,1,9,1,141,39,14,14,13
4,512,4023,15,511,4043,-20,1,3,511,4020,126,125,2048,p13-mix-d,3,9,2,139,87,15,13,12
5,512,3186,15,511,3030,156,1,1,511,3030,129,128,2560,p13-mix-d,-1,9,1,143,15,15,16,15
6,512,2295,14,511,2077,218,1,3,511,2017,123,122,3072,p13-mix-d,4,9,2,136,96,15,10,9
7,512,2410,15,511,2061,349,2,3,511,2036,130,129,3584,p13-mix-d,-1,9,1,141,39,13,12,13
0,512,4170,15,511,4165,5,1,2,511,4175,128,127,0,p13-mix-e,0,9,1,142,28,15,15,14
1,512,2829,13,511,2572,257,2,4,511,2549,127,126,512,p13-mix-e,-8,9,6,136,544,13,10,13
2,512,2144,15,511,2019,125,1,2,511,2010,125,124,1024,p13-mix-e,1,9,1,139,55,15,12,11
3,512,1755,15,511,1765,-10,2,2,511,1731,128,127,1536,p13-mix-e,1,9,1,141,39,14,14,13
4,512,2002,10,511,1804,198,3,7,511,1804,105,104,2048,p13-mix-e,16,9,4,116,432,12,4,3
5,512,2435,15,511,2145,290,2,3,511,2090,123,122,2560,p13-mix-e,2,9,2,136,96,14,10,9
6,512,2295,14,511,2077,218,1,3,511,2017,123,122,3072,p13-mix-e,4,9,2,136,96,15,10,9
7,512,2410,15,511,2061,349,2,3,511,2036,130,129,3584,p13-mix-e,-1,9,1,141,39,13,12,13
0,512,2722,15,511,2422,300,2,2,511,2389,131,130,0,p13-mix-f,-1,9,1,141,39,13,13,13
1,512,571,15,53,597,-26,1,3,53,575,124,123,512,p13-mix-f,5,9,2,137,95,15,11,10
2,512,2131,15,511,2044,87,1,3,511,2024,125,124,1024,p13-mix-f,2,9,2,138,92,15,12,11
3,512,4191,15,511,4187,4,1,1,511,4189,129,128,1536,p13-mix-f,-1,9,1,143,15,15,16,15
4,512,3088,15,511,2963,125,1,1,511,2969,129,128,2048,p13-mix-f,-1,9,1,143,15,15,16,15
5,512,1775,15,511,1637,138,1,2,511,1576,126,125,2560,p13-mix-f,2,9,1,140,48,15,13,12
6,512,1771,14,511,1621,150,1,3,511,1562,125,124,3072,p13-mix-f,2,9,2,138,92,15,12,11
7,512,1830,14,511,1665,165,2,3,511,1629,125,124,3584,p13-mix-f,-1,9,2,137,127,14,11,11
